Uganda,Kalangala
Uganda,Kampala
Uganda,Kiboga
Uganda,Luwero
Uganda,Masaka
Uganda,Mpigi
Uganda,Mubende
Uganda,Mukono
Uganda,Nakasongola
Uganda,Rakai
Uganda,Ssembabule
Uganda,Kayunga
Uganda,Wakiso
Uganda,Lyantonde
Uganda,Mityana
Uganda,Nakaseke
Uganda,Buikwe
Uganda,Bukomansimbi
Uganda,Butambala
Uganda,Buvuma
Uganda,Gomba
Uganda,Kalungu
Uganda,Kyankwanzi
Uganda,Lwengo
Uganda,Kasanda
Uganda,Kyotera
Uganda,Bugiri
Uganda,Busia
Uganda,Iganga
Uganda,Jinja
Uganda,Kamuli
Uganda,Kapchorwa
Uganda,Katakwi
Uganda,Kumi
Uganda,Mbale
Uganda,Pallisa
Uganda,Soroti
Uganda,Tororo
Uganda,Kaberamaido
Uganda,Mayuge
Uganda,Sironko
Uganda,Amuria
Uganda,Budaka
Uganda,Bududa
Uganda,Bukedea
Uganda,Bukwo
Uganda,Butaleja
Uganda,Kaliro
Uganda,Manafwa
Uganda,Namutumba
Uganda,Bulambuli
Uganda,Buyende
Uganda,Kibuku
Uganda,Kween
Uganda,Luuka
Uganda,Namayingo
Uganda,Ngora
Uganda,Serere
Uganda,Bugweri
Uganda,Butebo
Uganda,Kapelebyong
Uganda,Namisindwa
Uganda,Adjumani
Uganda,Apac
Uganda,Arua
Uganda,Gulu
Uganda,Kitgum
Uganda,Kotido
Uganda,Lira
Uganda,Moroto
Uganda,Moyo
Uganda,Nebbi
Uganda,Nakapiripirit
Uganda,Pader
Uganda,Yumbe
Uganda,Abim
Uganda,Amolatar
Uganda,Amuru
Uganda,Dokolo
Uganda,Kaabong
Uganda,Koboko
Uganda,Maracha
Uganda,Oyam
Uganda,Agago
Uganda,Alebtong
Uganda,Amudat
Uganda,Kole
Uganda,Lamwo
Uganda,Napak
Uganda,Nwoya
Uganda,Otuke
Uganda,Zombo
Uganda,Omoro
Uganda,Kwania
Uganda,Pakwach
Uganda,Nabilatuk
Uganda,Bundibugyo
Uganda,Buhweju
Uganda,Buliisa
Uganda,Kabale
Uganda,Kabarole
Uganda,Kasese
Uganda,Hoima
Uganda,Kisoro
Uganda,Kagadi
Uganda,Bushenyi
Uganda,Ibanda
Uganda,Rukungiri
Uganda,Kamwenge
Uganda,Kanungu
Uganda,Kyenjojo
Uganda,Kakumiro
Uganda,Isingiro
Uganda,Kiruhura
Uganda,Mbarara
Uganda,Mitooma
Uganda,Kibaale
Uganda,Kyegegwa
Uganda,Ntungamo
Uganda,Ntoroko
Uganda,Rubirizi
Uganda,Sheema
Uganda,Kikuube
Uganda,Kiryandongo
Uganda,Rubanda
Uganda,Masindi
Uganda,Rukiga
Uganda,Bunyangabu